Title,release_year,IMDb
The Negro Soldier,1944,5.9
Know Your Enemy - Japan,1945,5.9
Ujala,1959,6
Elaan,1971,5.9
Khoon Khoon,1973,5.2
Immoral Tales,1974,5.6
Salaakhen,1975,5.3
Carrie,1976,5.5
Chadi Jawani Budhe Nu,1976,4.5
Bandie,1978,4.7
Benji's Very Own Christmas Story,1978,5.2
Popeye,1980,5.3
Mahjong Heroes,1981,5.3
Little Dragon Maiden,1983,5.9
On the Wrong Track,1983,5.9
Mr. Virgin,1984,5.2
Prince Charming,1984,5.6
The Young Vagabond,1985,5.6
A Stoning in Fulham County,1988,5.7
Aakhri Adaalat,1988,5.3
School Daze,1988,6
Doubles Cause Troubles,1989,5.3
Mujrim,1989,5.6
In Defense of a Married Man,1990,5.6
Tim Allen: Men Are Pigs,1990,5.9
Casino Tycoon,1992,6
A Dangerous Woman,1993,5.8
Maya Memsaab,1993,5.3
Sliver,1993,5
It Takes Two,1995,5.9
Ram Jaane,1995,5.4
Chaahat,1996,5.5
English Babu Desi Mem,1996,4.7
Judwaa,1997,6
The Peacemaker,1997,5.9
Duplicate,1998,5.5
Qila,1998,5.2
The Rugrats Movie,1998,5.9
Stuart Little,1999,5.9
Papa the Great,2000,5.4
Snow Day,2000,5.1
Jimmy Neutron: Boy Genius,2001,6
Kyo Kii... Main Jhuth Nahin Bolta,2001,5.3
"My Schoolmate, the Barbarian",2001,5.8
One 2 Ka 4,2001,5.4
Tremors 3: Back to Perfection,2001,5.3
Martin Lawrence Live: Runteldat,2002,5.4
Stuart Little 2,2002,5.4
The Time Machine,2002,6
Mumbai Matinee,2003,5.2
What a Girl Wants,2003,5.8
Krishna Cottage,2004,5.1
Sleepover,2004,5.3
Spookley the Square Pumpkin,2004,5
The Twins Effect II,2004,4.9
Tremors 4: The Legend Begins,2004,5.3
Chicken Little,2005,5.7
Ek Khiladi Ek Haseena,2005,5.8
Lucky: No Time for Love,2005,4.7
Shabd,2005,5.1
The Amityville Horror,2005,6
All the Boys Love Mandy Lane,2006,5.5
Anthony Kaun Hai?,2006,5.3
Brother's Shadow,2006,5.9
Final Destination 3,2006,5.8
Humko Deewana Kar Gaye,2006,5.2
Koi Aap Sa,2006,5.4
Let's Dance,2006,5.9
Nacho Libre,2006,5.7
P,2006,5.1
World Trade Center,2006,5.9
Zoom,2006,4.4
Dhan Dhana Dhan Goal,2007,4.9
Garfield Gets Real,2007,4.4
Ghost Rider,2007,5.2
Hattrick,2007,4.2
Murder Party,2007,5.8
The Heartbreak Kid,2007,5.8
Twins Mission,2007,5.3
C Kkompany,2008,5.4
Contract,2008,4.2
Garfield's Fun Fest,2008,4.4
Interview with a Serial Killer,2008,5.9
Kismat Konnection,2008,5.2
Sat Sri Akal,2008,5.8
The Longshots,2008,5.4
The Only Mother To You All,2008,5.4
Aagey Se Right,2009,5.1
Carriers,2009,6
Cirque du Freak: The Vampire's Assistant,2009,5.8
Dhoondte Reh Jaoge,2009,5.6
Garfield's Pet Force,2009,4.1
Imagine That,2009,5.6
Kisaan,2009,5.4
Kurbaan,2009,5.7
Look for a Star,2009,5.6
Race to Witch Mountain,2009,5.7
Road Trip: Beer Pong,2009,4.9
Shorts,2009,4.7
The Final Destination,2009,5.2
"The Goods: Live Hard, Sell Hard",2009,5.8
What's Your Raashee?,2009,4.6
√áok Filim Hareketler Bunlar,2010,4.3
Action Replayy,2010,4.2
Bang Rajan 2,2010,5.5
Barbie: A Fairy Secret,2010,5.7
Cats & Dogs: The Revenge of Kitty Galore,2010,4.3
Chance Pe Dance,2010,4.7
Dinner for Schmucks,2010,5.9
Don't Be Afraid of the Dark,2010,5.6
Hunt to Kill,2010,5.2
I Hate Luv Storys,2010,5.6
Once a Gangster,2010,5.8
Resident Evil: Afterlife,2010,5.8
Romantik Komedi,2010,5.3
Sex and the City 2,2010,4.5
Still,2010,4.4
The Bounty Hunter,2010,5.6
The Boy Who Cried Werewolf,2010,6
The Last Airbender,2010,4.1
The Tourist,2010,6
Tum Milo Toh Sahi,2010,5.7
Virsa,2010,5.8
23:59,2011,4.7
Apollo 18,2011,5.2
Haywire,2011,5.8
Hop,2011,5.4
I Don't Know How She Does It,2011,4.9
Judy Moody and the Not Bummer Summer,2011,4.2
My Friend Pinto,2011,5.3
Oh My Ghost 2,2011,4.9
Patiala House,2011,5.6
Ragini MMS,2011,4.9
Reaction,2011,4.5
Ready,2011,4.7
Thank You,2011,4.7
The Great Magician,2011,5.9
The Green Hornet,2011,5.8
The Roommate,2011,4.8
The Unborn Child,2011,4.6
Yaara O Dildaara,2011,5.5
Zokkomon,2011,4.1
10 jours en or,2012,5.8
A Glimpse Inside the Mind of Charles Swan III,2012,4.8
A Perfect Ending,2012,5.7
Abominable Christmas,2012,5.4
After Porn Ends,2012,5.7
Blood Money,2012,4.4
Chernobyl Diaries,2012,5
Dear Dracula,2012,5.2
Ek Main Aur Ekk Tu,2012,5.8
Heroine,2012,5.1
House at the End of the Street,2012,5.6
Imperfect,2012,5.3
Kath & Kimderella,2012,5.3
Katt Williams: Kattpacalypse,2012,5.5
Life Ki Toh Lag Gayi,2012,5.4
Mac & Devin Go to High School,2012,4.4
Mirror Mirror,2012,5.6
Ms. Mammy,2012,4.6
Mugamoodi,2012,4.9
Phone Swap,2012,5.9
Players,2012,4.1
Pretville,2012,4.9
Radio Rebel,2012,6
Rowdy Rathore,2012,5.7
Seal Team Six: The Raid on Osama Bin Laden,2012,5.7
Sisterakas,2012,5.4
Tere Naal Love Ho Gaya,2012,5.8
The Devil Inside,2012,4.2
The Land of Cards,2012,5.8
Vettai,2012,5.9
A Haunted House,2013,5
A Perfect Man,2013,5.2
Alpha and Omega 2: A Howl-iday Adventure,2013,5.1
Chashme Baddoor,2013,5.4
Chennai Express,2013,6
Concussion,2013,5.6
Ghanchakkar,2013,5.8
Gori Tere Pyaar Mein,2013,5
Horror Story,2013,4.3
I'm in Love with a Church Girl,2013,4.4
John Day,2013,5.7
Kristy,2013,5.9
Mahabharat,2013,5.5
Pooja Kiven Aa,2013,5
Power Rangers: Megaforce: Raising Spirits,2013,5.8
Prague,2013,5.8
Race 2,2013,5.3
Romantik Komedi 2: Bekarlƒ±ƒüa Veda,2013,5.2
Satyagraha,2013,5.9
SDU: Sex Duties Unit,2013,6
Settai,2013,4.4
Singh Saab the Great,2013,5.7
The Bling Ring,2013,5.6
The Green Inferno,2013,5.3
The Midas Touch,2013,5.1
Would You Rather,2013,5.7
6-5=2,2014,6
A Fairly Odd Summer,2014,4
Alpha and Omega: The Legend of the Saw Tooth Cave,2014,5.4
Anjaan,2014,5
Bibi & Tina,2014,4.9
Break Up 100,2014,5.8
Breaking the Bank,2014,4.8
Chal Bhaag,2014,4.3
Chelsea Handler: Uganda Be Kidding Me Live,2014,5.8
Cut Bank,2014,6
Dabbe 5: Zehr-i Cin,2014,6
Deliha,2014,4.6
Don't Go Breaking My Heart 2,2014,5.5
Earth to Echo,2014,5.8
God's Not Dead,2014,4.7
Good People,2014,5.5
Happy New Year,2014,5
Humpty Sharma Ki Dulhania,2014,6
Iron Man & Captain America: Heroes United,2014,5.5
Life After Beth,2014,5.6
Manhattan Romance,2014,5.6
May We Chat,2014,5
Mighty Raju Rio Calling,2014,4.8
Miss Julie,2014,5.4
Monsters: Dark Continent,2014,4.3
Mundeyan Ton Bachke Rahin,2014,5.8
Pants on Fire,2014,5.1
Revenge of the Green Dragons,2014,5.3
Romeo Ranjha,2014,4.7
Search Party,2014,5.6
Skin Trade,2014,5.6
Swearnet Live,2014,4.6
Swearnet: The Movie,2014,5.9
Tamanchey,2014,4.5
The Amazing Praybeyt Benjamin,2014,4.1
The Captive,2014,5.9
The First Line,2014,5.1
The Forgotten,2014,5.3
Tusk,2014,5.3
Ungli,2014,5.7
Warda,2014,4.1
When Love Happens,2014,4.9
Yellowbird,2014,5.6
Zapped,2014,5.1
13 Cameras,2015,5.1
2015 Dream Concert,2015,5.7
3 Generations,2015,5.9
6 Years,2015,5.6
A Sort of Homecoming,2015,5.8
A Tale of Love and Darkness,2015,6
A Very Murray Christmas,2015,5.5
ABCD 2,2015,5.4
Abzurdah,2015,5.4
Amar Akbar & Tony,2015,5.2
Anjelah Johnson: Not Fancy,2015,5.8
Backtrack,2015,5.9
Barbie in Princess Power,2015,5.5
Barbie in Rock 'N Royals,2015,6
Barely Lethal,2015,5.4
Beauty and the Bestie,2015,4.7
Belief: The Possession of Janet Moses,2015,5.8
Bioscope,2015,5.8
Bob's Broken Sleigh,2015,4.7
Bon Bini Holland,2015,5.6
By the Sea,2015,5.3
Calendar Girls,2015,4.2
Christmas in the Smokies,2015,5.9
Circle,2015,6
Demonic,2015,5.3
Die Ontwaking,2015,4.7
Dilwale,2015,5.2
Don Verdean,2015,5.4
Faraar,2015,5.3
Five Nights in Maine,2015,4.6
French Dirty,2015,5.2
French Toast,2015,5.6
Gridlocked,2015,5.8
Hard Tide,2015,4.7
Helios,2015,5.5
I Am Michael,2015,5.6
Incorruptible,2015,5.9
Interrogation,2015,4.9
Into the Forest,2015,5.8
It's Now or Never,2015,5.2
Jem and the Holograms,2015,4.1
Jupiter Ascending,2015,5.3
Katti Batti,2015,4.9
Kis Kisko Pyaar Karoon,2015,5.7
Lang Tong,2015,5.2
"Liar, Liar, Vampire",2015,5.8
Lila & Eve,2015,5.8
Loev,2015,5.8
Lusers,2015,4.8
Manson Family Vacation,2015,5.8
Mariah Carey's Merriest Christmas,2015,4.9
Mike Epps: Don't Take It Personal,2015,4.2
Mojave,2015,5.2
My Big Night,2015,6
My Ex-Ex,2015,4.4
Naomi and Ely's No Kiss List,2015,5.5
Natural Selection,2015,5.1
Off Course,2015,5.8
P Se PM Tak,2015,4
Pedal the World,2015,5.1
Phantom,2015,5.9
Phir Se,2015,5.6
Puerto Ricans in Paris,2015,5.3
Ralphie May: Imperfectly Yours,2015,5.6
Ralphie May: Unruly,2015,4.7
Regatta,2015,4.5
Rembat,2015,4.8
Results,2015,5.4
Saadey CM Saab,2015,5.6
Sinister 2,2015,5.3
Sister Code,2015,4.6
Spanish Affair 2,2015,5.3
The Adderall Diaries,2015,5.2
The Apostate,2015,6
The Bad Education Movie,2015,5.7
The Blackcoat's Daughter,2015,5.9
The Boss's Daughter,2015,5.5
The Ridiculous 6,2015,4.8
The Runner,2015,4.7
The Trust,2015,5.4
The Vatican Tapes,2015,4.9
What the Jatt!!,2015,5.3
X: Past Is Present,2015,5.4
Yes or No 2.5,2015,5.3
7:19,2016,6
#Rucker50,2016,5.3
14 Minutes from Earth,2016,5.4
25 Kille,2016,5.9
93 Days,2016,6
A Mighty Team,2016,5.5
A Yellow Bird,2016,5.5
Albion: The Enchanted Stallion,2016,5.2
American Anarchist,2016,5.8
Annabelle Hooper and the Ghosts of Nantucket,2016,5.6
Arctic Heart,2016,5.2
Autohead,2016,6
Azhar,2016,5.8
Baaghi,2016,5.2
Barbie: Spy Squad,2016,5.7
Barry,2016,5.8
Bathinda Express,2016,5.8
Be Somebody,2016,5.6
Because We're Heading Out,2016,4.1
Below Her Mouth,2016,5.5
Brahman Naman,2016,5.6
Camera Store,2016,5.6
Catfight,2016,5.8
Cave,2016,4.2
Cedric the Entertainer: Live from the Ville,2016,5.9
Chronically Metropolitan,2016,5.1
City of Tiny Lights,2016,5.5
Come and Find Me,2016,5.7
Dark Crimes,2016,4.9
Darra,2016,5.1
Deuces,2016,5.9
Devil's Bride,2016,6
Don't Knock Twice,2016,5.1
Drink Drank Drunk,2016,4.1
Emelie,2016,5.4
Fitoor,2016,5.4
Frank & Lola,2016,5.9
Friend Request,2016,5.3
Gang of the Caribbean,2016,5.1
Getaway Plan,2016,5.6
Ghost Patrol,2016,4.9
Goon: Last of the Enforcers,2016,5.8
Havenhurst,2016,4.8
Here Alone,2016,5.6
Heroes Wanted,2016,4.6
Hide and Seek,2016,5.9
Holidays,2016,5.1
Hostage to the Devil,2016,5.8
Hot Property,2016,4
Hypersomnia,2016,5.5
I Am the Pretty Thing That Lives in the House,2016,4.5
I Am Wrath,2016,5.4
Indiscretion,2016,4.8
Jessica Darling's It List,2016,5.4
K√º√ß√ºk Esnaf,2016,5.6
Kevin Hart: What Now?,2016,5.9
Kickboxer: Vengeance,2016,4.9
Lady Bloodfight,2016,5.6
LEGO Jurassic World: The Indominus Escape,2016,5.7
Little Boxes,2016,5.9
Love Beats Rhymes,2016,5.3
Loving,2016,5.3
Macho,2016,4.3
Maroon,2016,5.1
Mascots,2016,5.7
Menorca,2016,4.3
Mercy,2016,4.2
Mine,2016,5.9
Mohenjo Daro,2016,5.7
Money,2016,5.5
Mostly Sunny,2016,5.4
Mr. Pig,2016,5.7
My Entire High School Sinking Into the Sea,2016,6
Needhi Singh,2016,6
Ordinary World,2016,5.5
People You May Know,2016,5.6
Planetarium,2016,4.6
Pup Star,2016,4.3
Rainbow Time,2016,5.9
Raising the Bar,2016,5.6
Rampage: President Down,2016,4.8
Rebirth,2016,5
Rocco,2016,5.8
S Storm,2016,5.1
Sadie's Last Days on Earth,2016,5.2
Sardaarji 2,2016,5.3
Sex Doll,2016,4.5
Shortcut Safari,2016,6
Skiptrace,2016,5.7
Special Correspondents,2016,5.8
Strange Weather,2016,5.9
Tellur Aliens,2016,4.3
Term Life,2016,5.5
Teshan,2016,5.2
The Assignment,2016,4.6
The Bad Batch,2016,5.3
The Blind Christ,2016,5.9
The Christmas Project,2016,5.3
The Darkest Dawn,2016,4
The Do-Over,2016,5.7
The Doll,2016,5.3
The Drowning,2016,4.4
The Duel,2016,5.8
The Girl from the Song,2016,5.6
The Last Face,2016,4.9
The Legend of Michael Mishra,2016,4.5
The Monster,2016,5.4
The Promise,2016,5.7
The Rehearsal,2016,5.7
The Super Parental Guardians,2016,4.4
The Tenth Man,2016,5.7
The Tiger Hunter,2016,5.7
The Unmarried Wife,2016,6
The Wedding Party,2016,6
The Worthy,2016,5.2
Theo Von: No Offense,2016,5.6
They Are Everywhere,2016,5.4
Tik Tok,2016,5.6
Tini: The New Life of Violetta,2016,5.5
Toro,2016,5.9
Trespass Against Us,2016,5.8
True Memoirs of an International Assassin,2016,5.9
Undercover Grandpa,2016,5.2
USS Indianapolis: Men of Courage,2016,5.2
Veerappan,2016,5.3
Vincent N Roxxy,2016,5.5
War on Everyone,2016,5.8
We Need to Talk,2016,5.8
West Coast,2016,5.8
White Girl,2016,5.7
White Island,2016,4.2
Why Knot,2016,5.1
Wild Oats,2016,5.7
XOXO,2016,5.3
#realityhigh,2017,5.2
24 Hours to Live,2017,5.7
48 Christmas Wishes,2017,4
68 Kill,2017,6
A Bad Moms Christmas,2017,5.6
A Christmas Prince,2017,5.7
A StoryBots Christmas,2017,5.9
A Witches' Ball,2017,5.1
Acts of Vengeance,2017,5.7
Aditi Mittal: Things They Wouldn't Let Me Say,2017,4.4
All of You,2017,5.3
Baadshaho,2017,4.9
Beyond Skyline,2017,5.3
Blockbuster,2017,5.5
Bokeh,2017,5
Bomb Scared,2017,5.6
Brad Paisley's Comedy Rodeo,2017,5.5
Bullet Head,2017,5.4
Burlesque: Heart of the Glitter Tribe,2017,5.8
Bushwick,2017,5.2
Chicken Kokkachi,2017,4.9
Chris Brown: Welcome to My Life,2017,5.7
Christmas Inheritance,2017,5.7
Christmas Wedding Planner,2017,4.3
Chupan Chupai,2017,5.8
Clinical,2017,5.1
Coffee for All,2017,5.8
Coffee with D,2017,4.4
Coin Heist,2017,4.8
Cop and a Half: New Recruit,2017,5.3
Counterpunch,2017,4.8
Cult of Chucky,2017,5.2
Daffedar,2017,5.9
Daniel Sosa: Sosafado,2017,5.3
Death Race: Beyond Anarchy,2017,5.2
Deep,2017,4.1
Dragonheart: Battle for the Heartfire,2017,5.3
Dream Boat,2017,5.4
DreamWorks Home: For the Holidays,2017,4.8
"Edmilson Filho: Notas, Comedy about Relationships",2017,5.8
El Camino Christmas,2017,5.7
Expedition Happiness,2017,5.9
Fabrizio Copano: Solo pienso en mi,2017,4.9
Farce,2017,5.3
Felipe Neto: My Life Makes No Sense,2017,4.4
Finally Found Someone,2017,5.7
First Kill,2017,5
Follow Me,2017,5
Fun Mom Dinner,2017,5.2
Girlfriend's Day,2017,5.2
Grass,2017,4.7
Grillo vs Grillo,2017,4.7
Half Girlfriend,2017,4.3
Handsome: A Netflix Mystery Movie,2017,5.2
Hangman,2017,5.2
Heartthrob,2017,5.5
History of Joy,2017,5.5
Holy Goalie,2017,5.2
House of the Witch,2017,4.8
How to Be a Latin Lover,2017,5.9
Invisible,2017,6
Jab Harry Met Sejal,2017,5.3
Jailbreak,2017,5.4
Kanika,2017,4.7
Kickboxer: Retaliation,2017,5
Kings,2017,5
Krystal,2017,5.4
Lechmi,2017,4.9
Liberated: The New Sexual Revolution,2017,6
Little Evil,2017,5.7
Loco Love,2017,5.2
"Love, Surreal and Odd",2017,5.7
Lucas Brothers: On Drugs,2017,5.5
Mandobasar Galpo,2017,6
Mantra,2017,5.2
Mara,2017,5.1
Maria Bamford: Old Baby,2017,5.9
Mater,2017,4.5
Meet the Trumps: From Immigrant to President,2017,4.7
Michael Lost and Found,2017,5.2
Misfit,2017,4.3
Mohawk,2017,4.5
Monster Island,2017,4.8
Mubarakan,2017,5.6
Naked,2017,5.4
Orbiter 9,2017,5.9
Oversize Cops,2017,5.9
Pickpockets,2017,5.3
"Pop, Lock 'n Roll",2017,5.8
Poster Boys,2017,5.5
Pottersville,2017,5.4
Pup Star: Better 2Gether,2017,4.7
Puss in Book: Trapped in an Epic Tale,2017,5.3
Rangoon,2017,5.7
Rangreza,2017,5.4
Rip Tide,2017,5.5
Rodney King,2017,5.5
Room for Rent,2017,5.4
Sahara,2017,5.5
Samarppanam,2017,6
Sandy Wexler,2017,5.1
Sarvopari Palakkaran,2017,5
Sat Shri Akaal England,2017,5.3
Savage Dog,2017,4.9
Scales: Mermaids Are Real,2017,4.5
Simplemente Manu NNa,2017,5.1
Sinister Circle,2017,4.6
Slam,2017,5.9
Small Crimes,2017,5.8
Something Huge,2017,4.6
Speech & Debate,2017,5.9
Spivak,2017,5.5
Stephanie,2017,5.8
Take the 10,2017,4.8
Terrifier,2017,5.6
The Bittersweet,2017,5.3
The Bye Bye Man,2017,4.2
The Clapper,2017,5.1
The Devil and Father Amorth,2017,4.6
The Doll 2,2017,5.4
The Heretics,2017,4.7
The Humanity Bureau,2017,4.8
The Killer,2017,6
The Little Hours,2017,5.8
The Lodgers,2017,5.1
The Lovers,2017,6
The Mansion,2017,4.6
The Maus,2017,5
The Outcasts,2017,5.5
The Price of Success,2017,5.8
The Super,2017,5.9
The Trap,2017,4.3
The Tribes of Palos Verdes,2017,5.8
The Vault,2017,4.8
The Wedding Party 2: Destination Dubai,2017,4.4
The Wishing Tree,2017,5.9
Thi Mai,2017,5.9
Truth or Dare,2017,5
Walking Out,2017,5.8
War Machine,2017,6
Woody Woodpecker,2017,4.1
XX,2017,4.5
You Can Tutu,2017,4.1
You Get Me,2017,4.6
14 Cameras,2018,4.5
5 Star Christmas,2018,4.5
6 Balloons,2018,5.8
A Champion Heart,2018,5.3
A Christmas Prince: The Royal Wedding,2018,5.2
Adel Karam: Live from Beirut,2018,5.2
Adhugo,2018,6
Adventures in Public School,2018,5.8
After Porn Ends 3,2018,5.3
Aiyaary,2018,5.3
Alejandro Ria√±o: Especial de stand up,2018,4.9
Aliens Ate My Homework,2018,4.6
All About Nina,2018,6
All Light Will End,2018,4
All the Devil's Men,2018,5.1
An Interview with God,2018,5.7
Animas,2018,4.8
Arango y Sanint: R√≠ase el show,2018,4
At First Light,2018,5.5
Await Further Instructions,2018,4.8
Azali,2018,5.8
Battle,2018,6
Battle Drone,2018,5.2
Being Napoleon,2018,5.5
Between Worlds,2018,4.4
Big Kill,2018,5.3
Birthmarked,2018,5.7
Boi,2018,4.8
Bombairiya,2018,4.4
Bucket List,2018,5.9
Budapest,2018,5.3
Buffalo Boys,2018,5.8
BuyBust,2018,5.8
Cam,2018,5.9
Candy Jar,2018,5.8
Catching Feelings,2018,5.6
Change in the Air,2018,5.4
Chief Daddy,2018,4.9
Come Sunday,2018,5.9
Counterfeiting in Suburbia,2018,4.5
Curtiz,2018,6
Darc,2018,5.8
Deliha 2,2018,4.6
Delirium,2018,5.7
Driven to Dance,2018,4.1
Dry Martina,2018,5.9
Duck Butter,2018,5.3
Duck Duck Goose,2018,5.7
Dude,2018,5.1
Edge of Fear,2018,4.4
El club de los buenos infieles,2018,5.5
Enissa Amani: Ehrenwort,2018,5.3
F.R.E.D.I.,2018,5
Fakkah Fuzz: Almost Banned,2018,4
Family Blood,2018,4.2
Fary Is the New Black,2018,5.9
Father of the Year,2018,5.2
Fishtronaut: The Movie,2018,5.5
Flock of Four,2018,6
Forgive Us Our Debts,2018,6
Fronteras,2018,4.2
"Game Over, Man!",2018,5.4
Gemini,2018,5.4
Gnome Alone,2018,5.6
God Bless the Broken Road,2018,5.5
God's Not Dead: A Light in Darkness,2018,4.5
Going for Gold,2018,4.7
Goosebumps 2: Haunted Halloween,2018,5.6
Happy Anniversary,2018,5.7
Harith Iskander: I Told You So,2018,4.5
He's Out There,2018,5.2
Head Count,2018,5.3
High Society,2018,5.3
Hold the Dark,2018,5.6
Holly Star,2018,5.1
Honey: Rise Up and Dance,2018,5.1
Hope Springs Eternal,2018,4.7
How It Ends,2018,5
I Am Vengeance,2018,4.3
Ibiza,2018,5.2
Illang: The Wolf Brigade,2018,6
In Darkness,2018,5.8
Jani Due√±as: Grandes fracasos de ayer y hoy,2018,4.9
Jefe,2018,5.4
Jonathan,2018,5.9
King of Boys,2018,5.6
Lady-Like,2018,6
Lez Bomb,2018,5
Lifechanger,2018,5.4
Lilli,2018,5.8
Lionheart,2018,5.6
Malena Pichot: Estupidez compleja,2018,5.4
Malevolent,2018,4.8
Malicious,2018,5
Mauli,2018,6
May the Devil Take You,2018,6
Merry Men: The Real Yoruba Demons,2018,6
Moms at War,2018,5.5
Mr. Chandramouli,2018,5.2
Mute,2018,5.4
My Birthday Song,2018,5.5
My Perfect Romance,2018,4.6
"My Teacher, My Obsession",2018,4.4
Never Heard,2018,5.2
New Money,2018,4.8
Next Enti?,2018,4.6
Nothing to Lose,2018,5.5
Occupation,2018,5.1
Only Mine,2018,4.7
"Out of Many, One",2018,5.3
Paper Year,2018,5.1
Perdida,2018,5.6
Pierre Jackson,2018,6
Postcards from London,2018,5
Professor Mack,2018,4.2
Psychokinesis,2018,5.9
Pup Star: World Tour,2018,4.2
Puppy Star Christmas,2018,4
Rajma Chawal,2018,5.8
Revenger,2018,5.7
Right Here Right Now,2018,5.6
Rise: Ini Kalilah,2018,5
Robin Hood: The Rebellion,2018,4.4
Sabrina,2018,4.2
Sara's Notebook,2018,5.9
Savita Damodar Paranjpe,2018,6
Sei,2018,4.2
Seth Rogen's Hilarity for Charity,2018,5
Seven in Heaven,2018,5.3
Social Animals,2018,5.2
Sprinter,2018,6
St. Agatha,2018,5.2
Step Sisters,2018,5.4
Suzzanna: Buried Alive,2018,5.6
Target,2018,4
The 3rd Eye,2018,5.1
The After Party,2018,5.8
The Breaker Upperers,2018,5.9
The Cloverfield Paradox,2018,5.5
The Debt Collector,2018,5.7
The Feels,2018,5.1
The Golem,2018,5.6
The Holiday Calendar,2018,5.7
The Hurricane Heist,2018,5.1
The Laws of Thermodynamics,2018,6
The Legacy of a Whitetail Deer Hunter,2018,5.5
The Little Mermaid,2018,4.2
The Most Assassinated Woman in the World,2018,5.3
The New Romantic,2018,5.7
The Nutcracker and the Four Realms,2018,5.5
The Package,2018,5.5
The Plagues of Breslau,2018,5.7
The Polka King,2018,5.9
The Princess Switch,2018,6
The Skin of the Wolf,2018,5.7
The Titan,2018,4.8
The Warning,2018,5.9
The Week Of,2018,5.1
The Witch Files,2018,4.4
Time Share,2018,6
Tinker',2018,5.1
"To Each, Her Own",2018,5.2
Todd Glass: Act Happy,2018,5
Twinsanity,2018,4.1
Under the Eiffel Tower,2018,5.1
Viking Destiny,2018,4.2
Vodka Diaries,2018,5.6
W/O Ram,2018,5.9
Weapon of Choice,2018,4.4
When Angels Sleep,2018,5.4
White Chamber,2018,4.4
Wildling,2018,5.5
Yoo Byung Jae: Discomfort Zone,2018,4.8
Yucat√°n,2018,5.4
Zero,2018,5.5
706,2019,5.3
3022,2019,4.5
15-Aug,2019,5.8
A Christmas Prince: The Royal Baby,2019,5.3
A Cinderella Story: Christmas Wish,2019,5.2
A Remarkable Tale,2019,5.2
Adam Devine: Best Time of Our Lives,2019,5.8
After,2019,5.4
After Maria,2019,4.4
After the Raid,2019,4.2
American Hangman,2019,5.9
American Son,2019,5.6
Arctic Dogs,2019,4.5
Assimilate,2019,5.3
Awake,2019,5
Back of the Net,2019,5
Backdraft 2,2019,4.8
Badland,2019,5.7
Bayonet,2019,5.8
Bennett's War,2019,5.5
"Berlin, I Love You",2019,4.6
Burning Cane,2019,5.5
Bypass Road,2019,5.4
Close,2019,5.7
Dark Light,2019,4.2
Dead Kids,2019,5.5
Deadly Switch,2019,4.5
Despite Everything,2019,5.3
Dolphin Kick,2019,4.4
Earthquake Bird,2019,5.9
Eerie,2019,4.7
Ek Ladki Ko Dekha Toh Aisa Laga,2019,5.5
Eli,2019,5.7
Every Time I Die,2019,5
Falling Inn Love,2019,5.6
Firebrand,2019,5.1
Fittest in Dubai,2019,6
Francesco De Carlo: Cose di Questo Mondo,2019,5.7
Freshman Year,2019,5.9
Full Count,2019,5.5
Furie,2019,5.8
Ghosts of Sugar Land,2019,5.5
Girl on the Third Floor,2019,4.6
Good Sam,2019,5.6
"Hello, Privilege. It's Me, Chelsea",2019,4.1
Holiday Rush,2019,4.8
Hot Gimmick: Girl Meets Boy,2019,4.4
In the Tall Grass,2019,5.4
Inside Man: Most Wanted,2019,5.6
IO,2019,4.7
Jenny Slate: Stage Fright,2019,5.8
Juanita,2019,5.9
Kaake Da Viyah,2019,5.1
Katherine Ryan: Glitter Room,2019,6
"Ken Jeong: You Complete Me, Ho",2019,5.7
Kevin Hart's Guide to Black History,2019,5.4
Kidnapping Stella,2019,4.8
Let It Snow,2019,5.8
Love Dot Com: The Social Experiment,2019,4.2
Loving is Losing,2019,5.2
Luckee,2019,4.2
Made in China,2019,5.7
Malaal,2019,5.9
Maria,2019,5
Mercy Black,2019,4.9
Mike Epps: Only One Mike,2019,4.9
Misfit 2,2019,5.6
Motichoor Chaknachoor,2019,5.8
Murder Mystery,2019,6
Noblemen,2019,5.8
"Oh, Ramona!",2019,4.9
One Day: Justice Delivered,2019,5.6
Otherhood,2019,6
Paharganj,2019,5.6
Paris Is Us,2019,4.6
Park Na-rae: Glamour Warning,2019,4.7
Patria,2019,6
Point Blank,2019,5.7
Pok√©mon: Mewtwo Strikes Back - Evolution,2019,5.7
Polaroid,2019,5.1
Pranaam,2019,4.3
Rakkhosh,2019,4.7
Rattlesnake,2019,4.6
Ready to Mingle,2019,5.9
Revenge of the Pontianak,2019,5.2
Rim of the World,2019,5.1
Santa Girl,2019,5
Saverio Raimondo: Il Satiro Parlante,2019,5.9
Saving Zo√´,2019,5.2
Secret Obsession,2019,4.3
See You Yesterday,2019,5.1
Sextuplets,2019,4.4
Shanghai Fortress,2019,4.3
Spirit Riding Free: Spirit of Christmas,2019,6
Stunt School,2019,4.4
Submission,2019,5.6
Summer Night,2019,4.6
Super Monsters Save Christmas,2019,4.4
Super Monsters: Vida's First Halloween,2019,5.9
Sweetheart,2019,5.7
Tall Girl,2019,5.2
The 3rd Eye 2,2019,5.5
The Body,2019,5.4
The Brave,2019,5
The Car: Road to Revenge,2019,4
The First Temptation of Christ,2019,4.6
The Ghost Who Walks,2019,5.2
The Hard Way,2019,4.8
The Influence,2019,4.5
The Knight Before Christmas,2019,5.5
The Last Laugh,2019,5.6
The Last Summer,2019,5.6
The Last Whistle,2019,4.9
The Little Switzerland,2019,4.8
The Perfect Date,2019,5.8
The Pursuit,2019,6
The Set Up,2019,4.4
The Silence of the Marsh,2019,5
The Wandering Earth,2019,6
The World We Make,2019,5.1
Tootsies & The Fake,2019,5.9
Triple Threat,2019,5.5
True: Grabbleapple Harvest,2019,4.8
Uncle Naji in UAE,2019,5.7
Unicorn Store,2019,5.5
Velvet Buzzsaw,2019,5.7
We Are Legends,2019,5.1
Who Would You Take to a Deserted Island?,2019,5.3
Wine Country,2019,5.4
#cats_the_mewvie,2020,5.2
All Day and a Night,2020,5.9
Chris D'Elia: No Pain,2020,6
Coffee & Kareem,2020,5.1
Dangerous Lies,2020,5.2
Dragonheart: Vengeance,2020,5.1
Earth and Blood,2020,5
Guilty,2020,5.5
Horse Girl,2020,5.9
Leslie Jones: Time Machine,2020,5.1
Love Aaj Kal,2020,5.2
Love Wedding Repeat,2020,5.5
Maska,2020,6
Mrs. Serial Killer,2020,4.5
Rich in Love,2020,6
Rising High,2020,5.7
Roped,2020,5.5
Shimla Mirchi,2020,4.7
Sol Levante,2020,4.8
The Decline,2020,5.9
The Last Thing He Wanted,2020,4.2
The Main Event,2020,4.7
The Wrong Missy,2020,5.8
To All the Boys: P.S. I Still Love You,2020,6
True: Wuzzle Wegg Day,2020,5.6
Ultras,2020,6